,SLC6A4,REN,ABCC2,HTR1B,PTGS1,HTR2C,CYP3A7,HTR1A,DRD4,SLC6A3,CYP2C19,ABCB1,ADRA1B,CYP2A6,CHRM1,CHRM3,DRD2,CHRM5,DRD5,SLCO2B1,CYP2C9,HTR2B,HTR6,D2R,UGT1A1,SLC6A2,CYP3A4,ABCG2,CHRM2,HRH2,SLCO1B1,ALB,CYP2C8,OPRM1,HTR2A,HRH1,ADRA1D,OPRK1,PTGS2,ADRA2B,ADRA1A,ORM1,ABCB11,HTR7,CYP3A5,CYP2E1,DRD3,CYP2D6,ABCC1,CYP1A1,ADRA2C,DRD1,CHRM4,ADRA2A,CYP2B6,SLC22A8,CYP1A2
hypertension,1.3561334957550357,0.0,0.0,0.0,0.0,0.30829881093566064,0.0,0.0,0.0,0.0,0.0,0.0,0.10266877794561749,0.0,0.0,0.0,0.973110653515657,0.0,0.0,0.0,0.0,0.0,0.0,1.1848428825457602,0.0,1.0965241317535506,0.2630580163879408,0.0,0.0,0.0,0.0,-0.6708406855747583,0.0,0.0,1.1791538748131458,0.0,0.0,0.0,0.0,0.0,0.0,-0.4353532423758443,0.0,0.0,-0.07571916709465121,0.0,0.0,0.0,0.0,0.0,0.0,0.0,0.0,0.0,0.0,0.0,0.0
prehypertension,-0.24309134557195727,0.1645919925594975,0.0,0.0,0.3860177074419857,0.0,-0.7109200818286772,1.343993671863218,0.0,0.0,0.0,-0.3864545690286844,0.3294193856876945,-1.3104226963444863,0.0,0.0,0.0,0.0,0.0,-0.46271390949780933,-0.6024850295349553,-0.5128002639079426,-1.3711935486095352,0.0,0.32281292190369126,-0.12181058412427366,-0.09788987217200733,0.0,0.0,0.9670960176315634,-0.5849555247834265,0.4066262935354052,0.4195260123373174,0.0,0.0,0.0,0.0,1.660533518480998,-0.7571553089227031,0.0,0.0,0.6026298734609791,0.2373712793946149,1.358336631177619,0.0,-1.2053442390431481,0.0,0.4545000132069616,0.0,-0.49462595747561205,0.0,0.0,0.0,0.19040918170295373,0.15625603321873038,0.13383559944078977,0.25575490509417803
hypertensive disease,-0.24854285213604735,1.2173264605267213,0.3910243566909646,0.0,0.0,0.0,-0.6334751897053632,2.2032757999060077,0.0,0.0,-0.10856815783653269,-0.14260232874408268,0.5362436108417915,-1.2139311821261816,0.0,0.0,0.0,0.0,0.0,-1.004642921765768,-0.6030674656271393,-0.045061453329833384,-2.059425434311485,0.0,0.0,0.0,-0.8911937767162015,-2.5049851234210125,0.0,0.9752992099580965,0.029124854936099596,0.19175374897133413,0.5899403483868125,0.32096799943054105,0.0,0.0,0.0,2.0152082456047298,-0.6678691574577543,0.0,0.0,0.0,0.018585179136717405,1.7089761213672934,-0.18222184234325484,-1.2244539113721087,0.0,0.3885606746060845,-0.7502954636975198,-0.8637694704527705,0.0,0.0,0.0,0.0,0.09170765086556114,0.0,0.45249384701841805
genetic hypertension,0.0,0.741069813371018,0.0,0.0,0.3262537229472938,0.0,0.0,0.21865798896430125,-0.03179922756214115,0.0,0.0,-0.09531537180726339,0.0,0.0,0.0,0.0,0.0,0.0,0.0,0.024525405605262743,0.0,0.0,0.0,0.0,0.0,0.0,0.0,-0.25479538513797206,0.0,0.0,0.6988401579501085,1.9233579878578217,0.0,0.0,0.0,0.0,0.0,0.0,-0.3836306081886285,0.0,0.0,0.26949115731503387,-0.05011386652009468,0.0,0.0,-0.5001442772821842,-0.15655706552821802,-0.221745513605279,-0.3671141941216604,0.0,0.0,-0.03846684552027782,0.11082319921282228,-0.23832255046029863,0.0,0.0,0.0
pulmonary hypertension,0.4229215954657393,1.2749536374022667,0.0,0.0,0.840017533600681,0.5720993612053543,0.0,0.14363526672438384,0.0,0.0,-0.3805034687162056,0.04617463648342977,0.0,-0.4299005454371316,0.0,0.0,0.0,0.0,0.0,0.0,0.06803409378646817,-0.6948699808375998,-0.05836679712615401,0.5414769497634525,0.0,0.0,-0.17531990250626278,-0.15467446255927236,0.006873801427271776,0.02621823798416013,0.05235980561058472,0.07702301582524523,0.5912675211461988,0.0,0.6753034013294463,0.9646863652229338,0.0,0.0,0.6244215153022037,0.0,0.6434168901314024,-0.9495282726202879,0.2010631419199764,0.6584921293109056,-0.705073416192675,0.0,0.0,-0.14482283848012079,-0.42635345503840777,-0.14272610374646524,0.0,0.0,0.0,0.05363872408330228,0.3503918304749606,0.0,0.30652808153186556
essential hypertension,-0.3408149795266948,0.0,0.0,0.0,0.7997716543744225,-0.9796158289427139,-0.9175351616278281,-0.0671565822675074,0.0,0.0,0.8202123332362862,-0.8170895965230979,0.0,0.0,0.0,0.0,-0.550640044905792,0.0,0.0,0.0,-0.539997585028414,0.0,0.0,0.0,0.0,0.0,1.3783555172048567,2.546069427973442,0.0,0.0,-1.1365314185945554,0.023622990590957446,-0.13315183029810412,0.0,0.0,-0.33876742874932675,0.0,0.0,0.0,0.0,0.0,1.9828217489157762,0.0,0.0,0.0,-1.1336188667539722,0.0,-0.0063656959885418475,0.0,0.0,0.0,0.0,0.0,0.0,0.0,0.9542969421401619,0.0
"hypertension, renovascular",0.0,0.15087134793071663,0.0,0.0,0.16081734947873796,0.0,-1.4041656438043089,0.7390255491515411,0.0,0.0,-0.46633760886892317,-0.039133232594315615,0.45738941452282494,-1.3184258222252299,0.0,0.0,0.061205151264717664,0.0,0.0,0.0,-0.6143332026291292,-0.6093274846988023,-0.2825569444039591,0.0,0.5523994369693078,-0.21358238612817085,-0.03965549028503723,-0.02444767243905878,0.0,1.313977166246699,-0.2976930102098707,0.23190950544115604,0.0,-0.4136709027031859,0.2626831714721789,0.0,0.0,0.0,-0.8891397630369291,0.0,0.0,0.20825351808096074,0.0,0.738545160723404,-0.07390732134644028,-0.7810121133490753,0.0,0.5310252324705071,-0.23799112925849442,-0.10917225223745661,0.0,0.0,0.0,0.5372003334929788,0.12725552913056293,0.0,0.0
idiopathic pulmonary hypertension,0.0,1.2696860371876775,0.0,-0.2897039024548838,0.29531615212397755,0.0,-0.32496976355791896,-0.5839533281974939,-0.5768221855589442,0.0,-0.2939657430014937,-0.7946148917039059,0.21205521550330073,-1.1569528951130172,0.0,0.7682347040975085,-0.5431023008693342,0.0,0.0,0.0,-0.1860699081968278,-0.01207720851722397,0.0,0.14572000137367713,0.2133550602157016,-0.7961268945640528,0.0,0.5806399854766722,0.0,0.0,0.0,-0.12468978911229353,-0.05492745733909532,-0.4278445596625656,0.0,1.400564438737024,0.0,0.0,-0.7107821293523813,0.0,0.0,1.4764685679876441,0.4146641208633212,-0.1076482473340529,-0.30405761560060024,-1.5050937687129256,-0.7767732398216723,0.15118668540513755,0.0,0.0,0.0,0.0,0.0,0.0,0.0,-0.0884404955508891,-0.74650521177681
renal hypertension,0.0,0.0,0.0,0.0,0.3572422258551078,0.0,1.022758275368299,0.0,0.0,0.0,-0.05164367976215025,0.0,0.0,0.0,0.0,0.0,0.0,0.0,0.0,0.0,0.0,0.0,0.0,0.0,0.0,0.0,0.0,0.0,0.0,0.0,0.0,0.0,0.0,0.0,-0.5768696397200888,-0.21830428345742087,0.0,0.0,0.0,0.0,0.0,0.0,-0.014220845145061403,0.0,0.0,-0.03981013285378905,-0.11828589013107596,0.0,0.0,0.0,0.0,0.0,0.0,0.0,0.0,0.0,0.4489391124106742
ocular hypertension,-0.46796495303771835,0.4836477439710451,0.28202632023769053,0.0,0.3816924632358911,0.0,-1.1975253015959575,1.7286712126409365,0.2746337314383804,-0.09542450246290637,-0.12954068454167772,0.2244459722181852,0.0,-0.40563408335440765,0.0,0.0,1.1366556316996432,0.0,0.0,0.0,0.0,0.0,0.0,0.0,0.0026357030940892174,0.0,0.25908136464795106,0.6252174497241128,0.0,0.0,-0.0371403077251679,0.053284811348149524,0.21358583054410954,1.0336612611374194,0.0,-0.3073470041532793,-0.24914350806811528,1.6505669775907865,0.0,-0.40677918017442705,0.0,0.7357799042366648,-0.3339912206243756,0.863024932688867,-0.2560542415981204,-1.3282770931607282,0.012140731161351564,0.0839236454793675,0.0,-0.39840884651798414,-0.370063185459437,0.0,0.0,0.0,0.42088933918754207,-0.18433134954787095,-0.008102385447356497
"hypertension, portal",0.0,0.0,0.0,0.0,0.0,0.0,0.0,0.0,0.0,0.0,0.0,0.0,0.0,0.0,0.0,0.0,0.0,0.0,0.0,0.0,0.0,0.0,0.0,0.0,0.0,0.0,0.0,0.0,0.0,0.0,0.0,0.0,0.0,0.0,0.0,0.0,0.0,0.0,0.0,0.0,0.0,0.0,0.0,0.0,0.0,0.0,0.0,-0.11581468436475241,0.0,0.0,0.0,0.0,0.0,0.0,0.0,0.0,0.0
phen_tp_hypertension,-1.207691750970154,-0.27203200030790625,0.19943787581446273,0.0,0.0,-0.3415769615080236,0.0,-0.5568599081173563,0.0,0.0,0.7110258930819869,0.0,0.0,-0.79695719550229,0.0,0.0,-0.8278618362669964,0.0,0.0,0.0,-0.930632109330973,0.0,0.0,0.0,0.0,0.0,0.9193690333332716,0.8200618781847825,0.0,0.0,0.0,-0.15135974117917841,-0.17753151160449754,-0.5387537266166091,0.0,0.0,0.0,-0.3203436187680587,0.0,0.0,-0.12071224516162675,0.0,0.0,0.0,-0.5944379793035705,-0.9346957047926362,0.0,0.1796906187111619,0.096264549022225,-1.1889379401456905,0.0,0.0,0.0,0.0,0.0,-0.5445650234588297,-0.3306457771112558
phen_sig_tp_noFP_Dis_hypertension,-1.046907575442488,-0.3552151001320934,0.42198924586905406,0.0,0.0,-0.2508199272111301,0.0,-0.609718761648799,0.0,0.0,0.7574938366796248,0.0,0.0,-0.7174735583871781,0.0,0.0,-0.5802357907521054,0.0,0.0,0.0,-1.0519935228630302,0.0,0.0,0.0,0.0,0.0,0.7533027119896791,0.9440396626731777,0.0,0.0,0.0,-0.07125177826934567,-0.11748361678420403,-0.6086830810102015,0.0,-0.12134878453218281,0.0,-0.15818483113775195,0.0,0.0,-0.18623361208042577,-0.031624384242512044,0.0,0.0,-0.9150632375580896,-0.7984533156797248,0.0,0.0,0.05771183536257401,-0.30817956499128385,0.0,0.0,0.0,0.0,0.0,-0.6410954996580592,-0.1791985577856904
phen_sig_tp_noFP_Sig_hypertension,0.11370231877336942,0.45470441847779675,0.1093760916478081,0.0,0.0,0.0,-1.0904135621798612,1.1419152440260167,0.0,0.0,0.09935004095587663,-0.25089885747087326,0.6076102191276576,-0.7175323193376778,0.0,0.0,0.41103314739504115,0.0,0.0,-0.49316958672265043,-0.8073666745686056,-0.2864025724438936,-2.6955261989567685,0.0,0.07368669819823863,0.07458215914780163,-0.19859249581317878,-0.13361253693593736,-0.12232536230406103,0.9635006112907236,-0.4912036826946064,0.26142187137505996,0.6849375513904224,0.0,0.0,0.43400211366539526,0.0,1.815191261518026,-0.5212114242263476,0.0,0.0,1.0251214377633315,0.0,1.4424539461149746,0.0,-1.432259264109039,0.0,0.5407618819591252,0.0,-0.32371841429152365,0.0,0.0,0.0,0.0,0.137744740482557,0.0,0.22571395332299557
pancreatitis,0.0,-0.06044258432018064,0.3701970770527828,0.0,0.0,0.0,-0.4205921212466365,2.4876349031484657,0.0,-0.9081147633525338,-0.14688684936511834,0.6550288732317567,0.0,0.0,0.0,0.0,0.35679390084797913,0.0,0.0,-0.42538357992982145,-0.0459134044522809,-0.02722220866569822,-0.4884137793889241,0.0,0.0,0.0,-0.8868845064938237,-0.6509204200302452,0.0,0.0,0.0,0.4958636654097427,0.3644579640539315,2.0575131364825157,0.0,-0.2157776501174093,0.0,0.9460218865401704,1.4533747859707868,-0.8918795939303833,-0.2076585236480715,0.0,0.0,0.7369657453367188,0.0,-1.1884935481582515,0.0,0.0,-0.5124978579807772,-0.47386750386313314,-0.4504311748940523,0.0,0.0,0.0,0.0,0.0,0.0
acute pancreatitis,-0.84079226019451,1.3212024738812236,0.0,0.0,0.13128867289116858,0.0,-1.0856274561778378,1.494319125654321,0.4209048808449812,0.0,0.18780368867292513,0.0,0.0,-0.8605109977792633,0.0,0.0,0.4353086127382127,0.0,0.0,0.0,0.07775810264185785,0.0,0.0,0.0,0.0,0.0,0.0,0.5169999219174533,0.0,0.0,-0.0575801008294419,0.12682020381385062,0.19279492905110712,0.8934550811122093,0.13402088412235072,-0.24558765443651007,0.0,1.786105521159883,0.0,-0.0776649653575609,0.0,0.23830062164186444,0.0,0.35761495084227785,0.11682652170279867,-0.5599395495757452,0.4974224295624031,-0.22102562733380932,0.0,-0.5773446608666314,-0.034251214086282775,0.0,0.0,0.0,0.0,-0.8558500630375646,-0.4247145156397024
pancreatitis idiopathic,-0.07655291837041318,-0.3870137922496347,0.38512903906987883,0.0,-0.5332280611999498,0.0,-0.24642381540382433,2.6194889815083378,0.0,0.0,-0.2714513999584698,0.08291800722318392,0.0,0.0,0.0,0.0,1.5255015277287722,0.0,0.0,-0.34197571418663913,0.0,0.0,0.0,0.0,0.0,0.0,-0.10558471492494241,-0.576883668562811,0.0,0.0,-0.10523891043866815,1.0131755049466502,0.0,1.638437726897809,0.0,-0.41793050492227024,0.0,1.9717157162636623,0.0,-0.5365889465797041,-0.18542652235949172,-0.2898691164279626,0.0,1.6067837958754976,0.0,-0.7075842443232538,0.0,-0.05206353422405698,0.0,-0.14977932979920536,-0.927887800250554,0.0,0.0,0.0,0.27795573460794976,0.0,0.4534115045377857
adenocarcinoma of pancreas,0.0,0.0,0.0,0.0,0.3572664845036738,0.0,1.0225562579791523,0.0,-0.060014989798849006,0.0,-0.051733769099378046,0.0,0.0,0.0,0.0,0.0,0.0,0.0,0.0,0.0,0.0,0.0,0.0,0.0,0.0,0.0,0.0,0.0,0.0,0.0,0.0,0.0,0.0,0.0,-0.5778361426849541,-0.2183124082917527,0.0,0.0,0.0,0.0,0.0,0.0,-0.014240731048980874,0.0,0.0,-0.039720651690266104,-0.057889198898004174,0.0,0.0,0.0,0.0,0.0,0.0,0.0,0.0,0.0,0.4488580810906324
phen_tp_pancreatitis,-0.46795430037552954,0.0,0.502963444725914,0.0,0.2724638131665782,0.0,0.0,0.0,0.0,0.0,0.0,0.7397397408348421,0.0,0.0,0.0,0.0,-0.4098739273156816,0.0,0.0,0.0,0.0,0.0,0.0,0.0,0.0,0.0,0.0,-0.24604250971030273,0.0,0.0,0.0,-0.47918562561064765,-0.16153462962820617,0.0,-0.34700219157918843,-0.26771081571084265,0.0,0.0,0.0,0.0,-0.16053695987057032,-0.16245155698184321,0.0,0.0,0.0,0.0,0.0,0.0,0.0,-0.7422562728015711,0.0,0.0,0.0,0.0,-0.6642284117600296,-0.17724778373829858,0.4758631858878217
phen_sig_tp_noFP_Dis_pancreatitis,-0.11814315933334854,0.0,0.214422670970982,0.0,0.8779691794662767,0.0,-0.37579121565706125,0.0,0.0,0.0,0.0,0.9509710420106229,0.0,0.0,0.0,0.0,-0.045505091810677946,0.0,0.0,0.0,0.0,0.0,0.0,0.0,0.0,0.0,-0.12169724188418277,0.0,0.0,0.0,0.0,-0.39490506983051366,-0.4517702597777225,0.0,-0.2706374409134821,-0.4975038196834886,0.0,0.0,0.0,0.0,0.0,-0.05697569907037022,0.0,0.0,0.0,0.0,0.0,0.0,0.0,-0.38339128784790666,0.0,0.0,0.0,0.0,-0.14781085617552117,0.0,0.39037426663640956
phen_sig_tp_noFP_Sig_pancreatitis,-0.039445146727160714,0.4876348031613289,0.0484219753095952,-0.1151394450976575,0.0,0.0,-0.2408126676473036,1.008506858156727,0.0,0.0,0.0,-0.07479605308494618,0.0,-0.390051769471707,0.0,-0.560474687438584,0.2532288542982159,0.0,0.0,0.0,-0.5213961332556345,-0.745552723486828,0.0,-1.0826031769788902,0.0,-0.23337303256721748,0.0,0.5720143931096652,0.0,1.0420896546313396,0.0,1.2075837530308229,0.16117474473740234,1.2448665058560038,0.5303872648667578,-0.9043296207987919,0.0,0.791780426162708,-0.40322152025738994,0.0,0.0,0.6498593145664,-0.0040279068368115345,1.195310243167475,-0.18888877813540314,-0.9659490372256367,0.0,0.12381971307470806,-0.9767476693402048,-0.5600083669169984,0.0,0.855236511825164,0.0,0.0,0.59018553477536,0.27714947502705645,0.0
thrombocytopenia 5,0.0,0.0,0.0,0.0,0.6153984304170352,-0.28521976473735194,0.0,0.0,0.0,0.0,0.20934139309519217,-0.3012426278964371,0.0,0.0,0.0,0.0,0.0,0.0,0.0,0.3006939047282155,0.0800130521508806,-0.24577698708906057,0.0,0.0,0.18241288294138747,0.0,0.0,0.0,0.0,0.0,0.23302157007122445,2.8334578883299013,-0.34954002525124883,0.0,0.0,0.0,0.0,0.0,0.0,0.0,0.0,0.0,0.0,0.0,0.0,-1.5392703486369759,0.0,-0.06474939156514521,0.0,0.0,0.0,-0.06377885030466819,0.0,0.0,0.0,0.0,0.07451881687215854
thrombocytopenia 6,0.0,1.0595122453298753,0.0,0.0,0.0,0.0,-0.6627517620736326,1.7637741359872072,0.0364791025824154,0.0,-0.3728106026020008,-0.2726528586926008,0.34318779049576265,-1.0856995612777016,0.0,0.0,0.0,0.0,0.0,-0.7524562689121851,-0.46047403337624604,-0.054566125248626154,-1.7213089263556849,0.0,0.287577878859225,0.0,-0.6488837074191002,-1.7714770125344612,0.0,0.7628181953818591,0.004198637468923394,0.594035587036972,0.4903852248895915,0.23234137803329738,0.0,0.00971330183955174,0.0,1.9944885980061289,-1.1347000537106575,0.0,0.0,0.0,0.6331383770639097,1.7547927105638188,-0.08430727422337293,-0.5930265667430347,0.0,0.4122459494014112,-0.08498735833861781,-0.3345888014056669,0.0,0.0,0.0,0.0,0.0,0.06621984021624296,0.5961670205650513
macrothrombocytopenia,0.0,1.9812966938998762,0.0,0.0,0.0,0.0,0.0,0.0,0.0,0.0,0.211599091007033,0.0,0.0,0.1429148101153411,0.0,0.0,0.0,0.0,0.0,0.0,0.21108223076025576,0.0,0.0,0.0,0.0,0.0,-0.17754623308099765,0.0,0.0,0.0,0.0,0.0,0.0,0.0,0.0,0.0,0.0,0.0,0.0,0.0,0.0,0.0,1.0878022533080338,0.0,0.0,-0.08915264587419897,0.0,0.0,0.0,0.0,0.0,0.0,0.0,0.0,0.0,0.0,-1.0715133534784536
idiopathic thrombocytopenia,-0.3299584046432047,1.483775188497981,0.14106308053121874,0.0,0.0,0.0,0.0,1.8148915797190486,0.0,0.0,-0.15483977965879245,0.02670327725952419,0.0,0.0,0.0,0.0,0.6639595848931944,0.0,0.0,0.1718226017490822,-0.08723839911870869,0.0,0.0,0.0,0.0,0.0,0.04621657448658761,-0.06571597562310359,0.0,-0.07080828094190492,0.29718546845942767,1.4938487718350593,0.3511345745098484,1.2334528811643433,0.3339114448352986,-0.1769956568946057,-0.04607455094755277,1.4900251485396125,-0.14111173497395477,-0.7856863092781695,-0.9817602054446529,0.6558226492482825,-0.001560354925419068,1.5239944699938583,-0.2647666183026347,-0.8370661916879638,0.0,0.0,0.0,0.0,-0.4268672881880597,0.0,0.0,0.0,0.0,-0.37130411023095083,0.0
thrombocytopenia due to platelet alloimmunization,0.0,0.776401856108837,-0.16489714325425953,0.0,0.28587327365725856,0.46579862285380347,-0.256950125888569,0.5096963814946474,-0.1982938155810053,0.0,-0.5554030812451375,0.0,0.0,0.0,1.1467287728625777,0.0,0.0,0.0,0.0,0.5606325332320345,0.0,-0.9845580722356092,0.0,1.0168041379996053,0.0,0.0,-0.24130100311383704,0.0,0.051779696616076634,0.0,0.0,-0.23492780577565855,0.15440277418890389,0.0,0.4971284031294277,0.713034920934272,0.0,0.0,0.0,0.0,0.0,0.37144037702848276,0.0,0.0,0.0,-1.3880465297168088,-0.013033933129902859,0.0,1.0583700977983803,0.0,0.0,0.0,0.0,0.4771561636901192,0.0,-1.3457945265941282,0.18504594642398062
phen_tp_thrombocytopenia,0.0,-0.542027004620186,0.0,0.0,0.5284949583942513,0.0,0.0,-0.0065387902356474625,0.0,0.0,0.20317935427080427,0.18481551867393559,0.0,0.0,0.0,0.0,0.0,0.0,0.24958981266583743,-0.4618302525432797,0.0,0.0,0.0,0.26024721979233223,0.0,0.0,0.0,0.36040698590819864,0.18334851300356278,0.0,-0.8108181215669358,-0.534853015334001,-0.3247080215887734,0.0,0.0,0.0,0.0,-0.27720431304387133,0.12441523503901049,0.0,0.0,0.0,0.0,0.0,-0.11157878629573878,0.0,0.0,0.41403349776253046,0.21773584220400147,0.0,0.0,0.01136331071668614,0.0,0.0,0.0,0.6640157758411985,0.0
phen_sig_tp_noFP_Sig_thrombocytopenia,0.0,0.17290875440297107,-0.24654127725696717,0.0,0.0,0.0,-0.7617944290736383,0.4147495633949596,0.0,0.0,0.06610623515263317,0.0,0.0,0.0,0.0,0.0,0.0,0.11240597860566762,-0.4120626362729719,0.22683444138552858,-0.7665526840337917,0.0,0.0,-0.15526012054334856,0.4759260385842842,0.0,0.4456192873634044,1.2060357954547263,0.0,0.0,-0.9671578073152106,0.8559716684680309,-0.3220223340796253,-0.15664982799195537,0.5722503614764837,0.0,0.0,0.0,0.0,0.0,0.0,1.1722250869097082,0.0,0.1627628538087626,0.0,-1.3294342266574382,0.0,0.0,0.0,0.0,0.0,0.0,0.6863753992684545,0.0,1.2382952039562192,0.0,-0.0564015184814395
myocardial infarction,0.0,0.0,0.0,0.0,0.0,0.0,0.0,0.0,0.0,0.0,1.2600413821694771,-0.4226817825678474,0.0,0.0,0.0,0.0,0.0,0.0,0.0,0.42023253879372846,0.0,0.0,0.0,0.0,0.0,0.0,0.0,1.7066655499527563,0.0,0.0,-0.5324289613133173,-0.7429245463338817,0.5690797585245768,0.0,0.0,0.0,0.0,0.0,0.0,0.0,0.0,0.0,0.0,0.0,0.0,-0.45614712430670473,0.0,-0.799332427152353,0.0,0.0,0.0,0.0,0.0,0.0,0.044344574810555,0.0,-0.6154662043342393
old myocardial infarction,-0.8671627622289015,0.0,0.0,0.0,0.22159092422785254,0.0,-1.3773347358883632,1.6819345532669978,0.0,-0.3042769898764106,-0.3502553582990036,0.0861808749953661,0.0,-0.8754250451940232,0.0,0.0,0.24930982640752222,0.0,-0.14467332232105837,-0.25940944815972805,-0.40166980494746424,0.0,0.0,0.0,0.31225079565786773,-0.616595278529237,0.12986689201494198,0.29803452644586603,0.0,0.0,-0.8890028425500907,0.4018912465500595,0.0,1.9110140808357952,0.0,0.0,0.0,0.06914503201283224,-0.03754362439330411,-0.3193270039319143,0.0,0.614248599098056,0.0,0.8361522947812166,0.019850650089017357,-0.6525509801610927,0.0,0.07832590209650697,0.0,-0.3826112492022394,-0.1939959538868881,0.0,0.0,0.0,0.44265822298320445,-1.3027909398910544,0.0
acute myocardial infarction,-0.2915493051483156,3.881577775354956,0.5241121363088994,0.0,0.16732739177452127,0.0,0.0,0.0,0.0,0.0,0.0,0.0,0.0,0.0,0.0,0.0,0.0,0.0,0.0,0.0,1.1785427251260892,0.0,0.0,0.0,0.0,0.0,0.0,0.0,0.0,0.0,0.4117381023123997,0.0,0.33038474110163385,0.0,0.0,0.0,0.0,0.0,0.0,0.0,-0.3509037260606664,-0.3663765494135186,0.0,0.0,0.0,0.0,0.0,-0.636853328025099,-0.8231223333094674,0.0,0.0,0.0,0.0,0.0,0.0,0.0,0.0
phen_sig_tp_noFP_Sig_myocardial infarction,-0.5587661985682727,0.18793611403229502,0.0,-0.11269462457513275,0.0,0.0,-1.442145935830608,0.9926427731722794,0.0,0.0,0.37811351502303375,-0.17679279839600695,0.0,-1.1687102765522899,0.0,-0.13847573075764283,0.13881491367579396,0.0,0.0,0.0,-1.0578160020256044,-0.831236308351682,0.0,-1.317397322912176,-0.3038554604638425,0.0,0.0,0.2706759686431412,0.0,1.4278275083598388,-0.7687673298895967,0.6118247741397056,0.3442602085247292,0.328856923066271,0.18153834040733358,-0.8319777082098819,0.0,1.5385192727116068,-0.7213298374330099,0.0,0.0,0.89614182558711,0.0,1.8647874429545566,0.11200332655447683,-1.2725717610968885,0.0,0.14043016766073935,-0.6222402032430326,-1.0561034551770552,0.0,0.5958471868213705,0.0,0.0,0.7819165407372661,0.0,-0.026527019391276652
